model,accuracy,f1
ARIMA,0.49584577498762406,0.49617368497951586
LSTM,0.508155524094505,0.5054744265114728
TRANSFORMER,0.5044821486566167,0.5019337064942297
